ad_spend_usd,unique_advertisers,spend_share,advertiser_share
1101084800.0,97,0.588377877616193,0.6879432624113475
770305750.0,44,0.4116221223838071,0.3120567375886525
